_id,Order Item ID,Order ID,Product ID,Quantity,Subtotal
64ea5e09fe4f979a95e9d8c7,7bcf2eae-61a1-484e-9ade-7b6fdfaaf81f,6c4b937d-5a0d-4d64-9977-46a8d0ccd514,P0170,9,165.02
64ea5e09fe4f979a95e9d8c8,c20f0141-d450-4902-b5be-9d3485c0da6e,a3b4db15-9cf3-4684-82a8-56b88ff2d953,P0121,8,87.58
64ea5e09fe4f979a95e9d8c9,07d1872f-561c-496b-8a9a-bd892a711aa2,a3b4db15-9cf3-4684-82a8-56b88ff2d953,P0295,2,179.43
64ea5e09fe4f979a95e9d8ca,65fa7945-6570-46b6-a776-f0afc60fad10,a3b4db15-9cf3-4684-82a8-56b88ff2d953,P0194,5,336.21
64ea5e09fe4f979a95e9d8cb,ba9c333b-aaa3-471b-8603-416605eb045b,64cacffa-1409-4aa7-8aba-66451c907e66,P0161,8,286.22
64ea5e09fe4f979a95e9d8cc,8c9b112e-205d-41a6-a38a-cc204d21a67c,13e6bd16-a418-4e6e-8886-3eaaf227e676,P0167,5,101.05
64ea5e09fe4f979a95e9d8cd,a95a7b6b-4ea3-4d2c-b78b-a4b3930788ea,13e6bd16-a418-4e6e-8886-3eaaf227e676,P0412,7,361.64
64ea5e09fe4f979a95e9d8ce,6d301721-e81b-4500-b23b-665f53127e23,13e6bd16-a418-4e6e-8886-3eaaf227e676,P0104,4,342.63
64ea5e09fe4f979a95e9d8cf,16aab78a-0802-47bc-857e-d460571026df,13e6bd16-a418-4e6e-8886-3eaaf227e676,P0107,3,99.77
64ea5e09fe4f979a95e9d8d0,414b06cd-2089-4915-8555-736148b9ace3,aa973c20-b1b7-4282-9502-a87dd7eb7390,P0426,5,39.05
64ea5e09fe4f979a95e9d8d1,736aeb1d-61aa-4110-9aed-eccffaacae29,0776ad4f-6d83-4aed-9ea9-4764fe6d4232,P0175,6,44.93
64ea5e09fe4f979a95e9d8d2,1970a6a1-b71d-481f-a2ec-c328c41e4981,0776ad4f-6d83-4aed-9ea9-4764fe6d4232,P0319,9,372.46
64ea5e09fe4f979a95e9d8d3,d2336092-0d11-4924-b4dc-6a3797d7b715,0776ad4f-6d83-4aed-9ea9-4764fe6d4232,P0279,6,329.17
64ea5e09fe4f979a95e9d8d4,c8eacd04-feb4-4750-9ebe-ff9216a5b607,0776ad4f-6d83-4aed-9ea9-4764fe6d4232,P0107,6,77.69
64ea5e09fe4f979a95e9d8d5,528a6f78-a0a0-454d-9733-caaca706c19c,9592360c-96b0-41ab-b3f3-d3c7f7af22b1,P0032,6,449.93
64ea5e09fe4f979a95e9d8d6,b4d7b65b-62c7-4f3c-9280-9fbb0714430e,9592360c-96b0-41ab-b3f3-d3c7f7af22b1,P0099,2,48.83
64ea5e09fe4f979a95e9d8d7,ece7e6aa-b288-4722-acd1-b846ddc95965,9592360c-96b0-41ab-b3f3-d3c7f7af22b1,P0341,9,257.84
64ea5e09fe4f979a95e9d8d8,64e4f47e-8f77-4a98-81bb-9a414a766973,b9dc1bef-b7c0-43d8-b840-abd5861f8e6a,P0085,9,295.35
64ea5e09fe4f979a95e9d8d9,80a8812b-afeb-4810-b977-af24aa0b354a,b9dc1bef-b7c0-43d8-b840-abd5861f8e6a,P0472,7,129.78
64ea5e09fe4f979a95e9d8da,17b320bc-6762-4c10-bfb8-86b8e26e6d48,b9dc1bef-b7c0-43d8-b840-abd5861f8e6a,P0186,7,484.7
64ea5e09fe4f979a95e9d8db,b6f3ba07-a231-4d5a-9eed-6792a1085316,37b523d4-591a-40a8-81d5-2b358600a61e,P0071,3,59
64ea5e09fe4f979a95e9d8dc,207b8268-ef04-45a1-8c0a-9c0ff16b269c,37b523d4-591a-40a8-81d5-2b358600a61e,P0219,8,285.11
64ea5e09fe4f979a95e9d8dd,20bc3208-7dce-4df3-a7dc-e3f89af133e6,37b523d4-591a-40a8-81d5-2b358600a61e,P0006,8,332.88
64ea5e09fe4f979a95e9d8de,06fcba4b-d7d3-42b6-9fc1-04560ba0cddf,37b523d4-591a-40a8-81d5-2b358600a61e,P0072,9,402.77
64ea5e09fe4f979a95e9d8df,21222281-b43b-4312-a6fa-1df9bae556e6,37b523d4-591a-40a8-81d5-2b358600a61e,P0176,9,193.08
64ea5e09fe4f979a95e9d8e0,2463fc8b-86d3-4a24-974a-a95fb4d4eb08,154a8dfe-ab6a-4578-b9e3-0aa263cb2bfc,P0086,4,85.42
64ea5e09fe4f979a95e9d8e1,526974fb-597f-415f-ada0-542d0d16ccce,154a8dfe-ab6a-4578-b9e3-0aa263cb2bfc,P0388,10,458.78
64ea5e09fe4f979a95e9d8e2,3668c62c-453c-46d3-890b-a79971e6586e,154a8dfe-ab6a-4578-b9e3-0aa263cb2bfc,P0052,6,48.33
64ea5e09fe4f979a95e9d8e3,2c346f3f-122c-4bf7-a15d-c1850ed409f7,154a8dfe-ab6a-4578-b9e3-0aa263cb2bfc,P0115,4,106
64ea5e09fe4f979a95e9d8e4,a0d36873-04b8-475d-bc77-072f2ae650cf,9a262b63-50f2-4664-9705-a5d9020f60ce,P0393,5,346.96
64ea5e09fe4f979a95e9d8e5,1dddd5ef-d291-4300-8a75-35bff28e441e,9a262b63-50f2-4664-9705-a5d9020f60ce,P0050,6,106.54
64ea5e09fe4f979a95e9d8e6,60679ec5-41fe-4aee-b17e-82280d9cce56,9a262b63-50f2-4664-9705-a5d9020f60ce,P0216,8,267.4
64ea5e09fe4f979a95e9d8e7,7b6a65d0-1b6c-4b45-ac51-7e0342ba1351,9a262b63-50f2-4664-9705-a5d9020f60ce,P0244,9,345.5
64ea5e09fe4f979a95e9d8e8,08d80ddf-dc6c-44c1-b417-24f1da562c0a,dc97dc79-8e10-418f-a383-34dd7a56eec8,P0231,10,207.02
64ea5e09fe4f979a95e9d8e9,133bfc6c-3ebe-4543-8d10-5a6427c9a46b,dc97dc79-8e10-418f-a383-34dd7a56eec8,P0372,10,295.44
64ea5e09fe4f979a95e9d8ea,813d6d86-9599-46bf-bfae-b279b7c2ebfa,dc97dc79-8e10-418f-a383-34dd7a56eec8,P0074,5,318.42
64ea5e09fe4f979a95e9d8eb,68214e87-a162-4102-9e0e-badc446005c5,a61b06e5-2fde-47f4-8ea6-8607695fcc5a,P0181,2,209.04
64ea5e09fe4f979a95e9d8ec,33b08399-60ed-4dc9-ae6a-0b6b026f68dd,a61b06e5-2fde-47f4-8ea6-8607695fcc5a,P0420,8,10.38
64ea5e09fe4f979a95e9d8ed,e29d5ef7-3009-46cc-b61d-d842ffa6a845,a61b06e5-2fde-47f4-8ea6-8607695fcc5a,P0144,5,11.99
64ea5e09fe4f979a95e9d8ee,4ead5aba-7f42-4be3-bbf5-6c4e8f571898,6a2ea900-9c19-4e07-b4ae-e4a2d886ab43,P0127,4,186.34
64ea5e09fe4f979a95e9d8ef,57b194d6-9a70-4c74-82d6-0261e500ff96,6a2ea900-9c19-4e07-b4ae-e4a2d886ab43,P0200,10,452.44
64ea5e09fe4f979a95e9d8f0,26917194-0a9c-44dd-98b1-7fac23947dd8,6a2ea900-9c19-4e07-b4ae-e4a2d886ab43,P0252,9,311.39
64ea5e09fe4f979a95e9d8f1,761e0b5c-3d2d-4a85-9aa6-305050594050,2590bf3c-6d65-41f2-8116-e1619e37b0a0,P0007,7,28.18
64ea5e09fe4f979a95e9d8f2,9cb819bb-7c8b-4707-a62f-a042594df831,2590bf3c-6d65-41f2-8116-e1619e37b0a0,P0485,7,112.24
64ea5e09fe4f979a95e9d8f3,c3ac7a85-8b37-41bc-a0d0-73328a980544,2590bf3c-6d65-41f2-8116-e1619e37b0a0,P0049,5,69.71
64ea5e09fe4f979a95e9d8f4,d30dd0a4-9a22-4077-8d0d-58967d95eb78,2590bf3c-6d65-41f2-8116-e1619e37b0a0,P0357,5,44.82
64ea5e09fe4f979a95e9d8f5,cf28b0a9-7a77-4c39-9ff2-143f60a68d6e,2590bf3c-6d65-41f2-8116-e1619e37b0a0,P0402,9,106.7
64ea5e09fe4f979a95e9d8f6,6231e973-b04e-4716-92e6-d762503cbb9b,894998f9-2a1d-4f28-b666-e1b4e4f829bc,P0023,5,170.21
64ea5e09fe4f979a95e9d8f7,5596f959-312e-4ad4-91c7-625c685b6324,894998f9-2a1d-4f28-b666-e1b4e4f829bc,P0437,5,206.57
64ea5e09fe4f979a95e9d8f8,4fd5011f-bbc5-4ba6-bc89-769f276ad091,72663ee4-d2ec-4291-be87-cc36bf4ee177,P0301,10,91.77
64ea5e09fe4f979a95e9d8f9,8959515d-23e0-4a8a-bb07-308be6b96e5f,72663ee4-d2ec-4291-be87-cc36bf4ee177,P0422,3,45.41
64ea5e09fe4f979a95e9d8fa,71ec8f25-b6a1-483b-b0e6-be1d88f49bbe,72663ee4-d2ec-4291-be87-cc36bf4ee177,P0240,6,469.46
64ea5e09fe4f979a95e9d8fb,689d2d10-52de-4cc4-9f67-ff469d239dc3,968df321-d78c-41a5-aca6-c5a40736fb4f,P0068,1,410.84
64ea5e09fe4f979a95e9d8fc,91e864fd-5eec-4a18-a3a7-1248402f3ce9,968df321-d78c-41a5-aca6-c5a40736fb4f,P0138,10,128.4
64ea5e09fe4f979a95e9d8fd,3cda56ac-ffb8-43d8-a325-ccf236f77dd6,968df321-d78c-41a5-aca6-c5a40736fb4f,P0110,8,368.27
64ea5e09fe4f979a95e9d8fe,bc7e44f8-ce45-4200-8655-b54582aeaba6,968df321-d78c-41a5-aca6-c5a40736fb4f,P0108,4,450.9
64ea5e09fe4f979a95e9d8ff,99eb0a20-97b2-4e03-b1c1-e1fce3794eec,968df321-d78c-41a5-aca6-c5a40736fb4f,P0362,9,167.23
64ea5e09fe4f979a95e9d900,31f736bf-5270-4d13-9268-7f74b3bb17bf,1a59d485-9cf2-4746-a87d-0de65c39ea77,P0344,9,347.6
64ea5e09fe4f979a95e9d901,0bdd716a-f5c9-4e47-beaa-6b0650a27bae,1a59d485-9cf2-4746-a87d-0de65c39ea77,P0147,10,397.93
64ea5e09fe4f979a95e9d902,403301f9-a4f3-4423-945c-686f3fb3a624,1a59d485-9cf2-4746-a87d-0de65c39ea77,P0418,4,417.05
64ea5e09fe4f979a95e9d903,a074c9e0-717b-4b64-9e76-015793cd1962,9cb81028-ed32-48f7-92d7-4966950b7969,P0332,9,420.76
64ea5e09fe4f979a95e9d904,549ba1fb-2dc1-4b75-b0b2-2b3f359fad58,9cb81028-ed32-48f7-92d7-4966950b7969,P0151,5,352.86
64ea5e09fe4f979a95e9d905,9481eaa0-1af2-41a2-9708-3c907e399ebd,9cb81028-ed32-48f7-92d7-4966950b7969,P0177,1,387.04
64ea5e09fe4f979a95e9d906,3b9ade71-2e4c-4456-827a-5b66e2b16c7e,9cb81028-ed32-48f7-92d7-4966950b7969,P0104,7,427.3
64ea5e09fe4f979a95e9d907,6f3c9bc9-a2dd-4718-94a8-629575cc3189,9cb81028-ed32-48f7-92d7-4966950b7969,P0078,10,236.43
64ea5e09fe4f979a95e9d908,cb17e584-8ef0-4dde-84b2-b104748dba14,9f8e4b24-4ded-46a1-9851-a431892feb38,P0145,3,264.95
64ea5e09fe4f979a95e9d909,8c04be01-6d54-4427-9de4-6b765d3676b0,9f8e4b24-4ded-46a1-9851-a431892feb38,P0499,5,241.62
64ea5e09fe4f979a95e9d90a,9283b48f-03e7-4ff4-8f81-a4f085a8b159,9f8e4b24-4ded-46a1-9851-a431892feb38,P0458,3,434.83
64ea5e09fe4f979a95e9d90b,ab278f3e-103b-40ef-82a1-049b6b2bd8c0,9f8e4b24-4ded-46a1-9851-a431892feb38,P0437,6,126.34
64ea5e09fe4f979a95e9d90c,c9750752-9fd7-4d41-bb46-04b2ce335678,3369bd94-d8df-472b-ac98-e6e0ff9ff4cc,P0133,2,242.17
64ea5e09fe4f979a95e9d90d,14f0a327-2135-4ff2-b391-19677fb37eb7,3369bd94-d8df-472b-ac98-e6e0ff9ff4cc,P0452,1,266.08
64ea5e09fe4f979a95e9d90e,2b13c44b-66ba-498c-a080-d1626d868b60,3369bd94-d8df-472b-ac98-e6e0ff9ff4cc,P0111,5,37.05
64ea5e09fe4f979a95e9d90f,d6e63e00-d658-46e0-8d2a-cd2ca90b5f29,8ddf592e-c84b-42b0-b684-e2543f897764,P0401,10,378.16
64ea5e09fe4f979a95e9d910,eed49dd4-3785-4aec-82c8-70ec620fd8e8,8ddf592e-c84b-42b0-b684-e2543f897764,P0446,5,482.65
64ea5e09fe4f979a95e9d911,c8156890-cd42-433d-aff5-4a18a2b59355,ead4bd0c-4c4c-43b8-805a-9e081dd6cab9,P0400,2,129.68
64ea5e09fe4f979a95e9d912,421d08b2-5f9b-41d3-a38a-14183f66d962,ead4bd0c-4c4c-43b8-805a-9e081dd6cab9,P0160,3,281.61
64ea5e09fe4f979a95e9d913,58b2ca48-3fc4-4093-aeff-3ff2f0a255e9,ead4bd0c-4c4c-43b8-805a-9e081dd6cab9,P0453,4,436.57
64ea5e09fe4f979a95e9d914,3d50cab7-7ac2-48c2-9aca-fdf00a32b539,ead4bd0c-4c4c-43b8-805a-9e081dd6cab9,P0341,8,348.21
64ea5e09fe4f979a95e9d915,d9c2b3d0-d617-4b12-8387-3894d2a3b12a,55f02b3b-7993-4b2f-b3ae-219abef5b7a1,P0392,7,19.44
64ea5e09fe4f979a95e9d916,0a71e237-2c62-40d4-88f2-8f614dcbe9ed,55f02b3b-7993-4b2f-b3ae-219abef5b7a1,P0134,7,494.09
64ea5e09fe4f979a95e9d917,6c58141a-1444-400f-9a86-a9adb39b9eee,55f02b3b-7993-4b2f-b3ae-219abef5b7a1,P0181,7,450.02
64ea5e09fe4f979a95e9d918,a23a3f32-61fb-4cd9-b411-8c0e1e45c0cc,55f02b3b-7993-4b2f-b3ae-219abef5b7a1,P0343,7,169.62
64ea5e09fe4f979a95e9d919,2d8b4761-fd1e-4f78-a03b-c448a0266a8d,55f02b3b-7993-4b2f-b3ae-219abef5b7a1,P0490,3,212.38
64ea5e09fe4f979a95e9d91a,e5b0ea0a-be52-4f15-8092-9a9f7a5fdfee,33ce650a-8949-4b36-adb8-728c56773726,P0177,1,340.47
64ea5e09fe4f979a95e9d91b,e255299c-6bcf-498b-8e1b-2f111565ceca,33ce650a-8949-4b36-adb8-728c56773726,P0024,4,488.72
64ea5e09fe4f979a95e9d91c,a55884fb-2db2-4e08-a108-90a5ec23e0bc,33ce650a-8949-4b36-adb8-728c56773726,P0259,5,267.67
64ea5e09fe4f979a95e9d91d,5db91ade-8996-4b59-ac69-1f9ea5c0fa41,c027ab0b-dde4-4352-8b70-0ed3016ae4bc,P0180,5,28.64
64ea5e09fe4f979a95e9d91e,ea4013ab-1bce-4253-a9b4-6154ed534db2,c027ab0b-dde4-4352-8b70-0ed3016ae4bc,P0363,4,399.76
64ea5e09fe4f979a95e9d91f,378fdd6b-e067-408b-b4ca-0096ee618252,c027ab0b-dde4-4352-8b70-0ed3016ae4bc,P0465,3,242.96
64ea5e09fe4f979a95e9d920,f2534ffb-16aa-49d7-8123-375fd8437784,c027ab0b-dde4-4352-8b70-0ed3016ae4bc,P0105,6,77.61
64ea5e09fe4f979a95e9d921,87f10481-8c4d-4377-b871-57702b61a080,b009bc03-2167-4c61-a480-01a2f9608e8d,P0481,7,234.86
64ea5e09fe4f979a95e9d922,57dfceb5-77db-45ee-988d-eb8b8fe4983d,b009bc03-2167-4c61-a480-01a2f9608e8d,P0132,2,58.01
64ea5e09fe4f979a95e9d923,bfd49fc9-1f99-4544-bf91-462f0821d137,b009bc03-2167-4c61-a480-01a2f9608e8d,P0389,4,264.27
64ea5e09fe4f979a95e9d924,ad6ce467-e411-4482-a747-1e3b63e3cc74,b009bc03-2167-4c61-a480-01a2f9608e8d,P0305,3,138.36
64ea5e09fe4f979a95e9d925,848d19e2-15cc-4560-b143-9cd32b664eb0,b009bc03-2167-4c61-a480-01a2f9608e8d,P0411,3,196.32
64ea5e09fe4f979a95e9d926,25e1fb62-c79e-44d2-9649-38aa338c83d2,be44d979-e47b-48c6-a34c-b9acb1a3e2a4,P0440,9,51.08
64ea5e09fe4f979a95e9d927,d42a98f0-630f-4df9-9a27-ee1113fdfd44,963a76b5-3577-4ba6-a510-6eee4e3c1a21,P0035,5,381.4
64ea5e09fe4f979a95e9d928,be8ffbb7-565a-442c-9526-3e366bb87619,963a76b5-3577-4ba6-a510-6eee4e3c1a21,P0402,1,402.27
64ea5e09fe4f979a95e9d929,41de5827-3f6a-41db-ba67-e00d293edc8e,963a76b5-3577-4ba6-a510-6eee4e3c1a21,P0239,3,219.45
64ea5e09fe4f979a95e9d92a,412ad473-c443-46fb-ae9d-b3c7fa13ee66,6c0b6013-6c4d-4557-92bf-78de93b57f6c,P0236,5,404.68
64ea5e09fe4f979a95e9d92b,f03448fb-c804-4ce5-af51-9b3c3c2284a1,6c0b6013-6c4d-4557-92bf-78de93b57f6c,P0093,5,50.26
64ea5e09fe4f979a95e9d92c,bc7dd039-4711-4521-b353-e65e816f6e2b,6c0b6013-6c4d-4557-92bf-78de93b57f6c,P0295,1,88.37
64ea5e09fe4f979a95e9d92d,655e3761-4396-48dd-8f5e-9d3caf43e4a2,6c0b6013-6c4d-4557-92bf-78de93b57f6c,P0398,1,463.37
64ea5e09fe4f979a95e9d92e,d9e828d8-e111-485f-9a43-6c308e9420d3,6c0b6013-6c4d-4557-92bf-78de93b57f6c,P0143,8,174.67
64ea5e09fe4f979a95e9d92f,b965965c-1c52-417f-950d-67ee7ac933b0,9dc9c494-bf4d-4e76-b946-90b146879837,P0393,2,440.39
64ea5e09fe4f979a95e9d930,57f4e53e-3561-4fde-a60a-a4ac13ad0f18,9dc9c494-bf4d-4e76-b946-90b146879837,P0446,7,78.1
64ea5e09fe4f979a95e9d931,e8aa51cd-cf7c-4dbb-838b-20bd25f4d5f4,9dc9c494-bf4d-4e76-b946-90b146879837,P0121,5,480.01
64ea5e09fe4f979a95e9d932,5284af98-c8b9-4b4e-bff0-5aa949838243,9dc9c494-bf4d-4e76-b946-90b146879837,P0003,2,279.11
64ea5e09fe4f979a95e9d933,d0e94f61-000b-49ca-ab82-9b3ceaf6981b,742ec349-aa7d-4431-b065-43f36981ad1c,P0095,6,122.61
64ea5e09fe4f979a95e9d934,732c7fde-c0f1-4bee-9b25-9680abaed1db,742ec349-aa7d-4431-b065-43f36981ad1c,P0132,5,408.55
64ea5e09fe4f979a95e9d935,cb73cda8-7e83-4fd9-8c84-674d3366d9f4,742ec349-aa7d-4431-b065-43f36981ad1c,P0188,4,109.02
64ea5e09fe4f979a95e9d936,dacd765c-942f-4257-80d6-f33478e3f31b,742ec349-aa7d-4431-b065-43f36981ad1c,P0431,5,18.2
64ea5e09fe4f979a95e9d937,0fcf1adf-431f-47db-b0fc-f231618713cf,d6b5393d-03da-4c5f-8f7d-4cf0d5f62fcd,P0029,3,299.65
64ea5e09fe4f979a95e9d938,3fb1613f-2be5-4b4c-b7dc-e96629267024,d6b5393d-03da-4c5f-8f7d-4cf0d5f62fcd,P0479,4,198.48
64ea5e09fe4f979a95e9d939,ef27837c-9f2b-4652-b9c8-9c30876e0949,d6b5393d-03da-4c5f-8f7d-4cf0d5f62fcd,P0493,2,34.93
64ea5e09fe4f979a95e9d93a,b11d2be5-f4eb-41cb-9add-c609410c7e88,77cc039d-b503-4301-b257-714aaf9fb42e,P0056,4,306.37
64ea5e09fe4f979a95e9d93b,93bb7890-75b5-4bfc-9488-f74a33d0ef29,77cc039d-b503-4301-b257-714aaf9fb42e,P0152,9,158.1
64ea5e09fe4f979a95e9d93c,a31fe27c-d201-40c7-92f5-6427b734a178,77cc039d-b503-4301-b257-714aaf9fb42e,P0473,6,458.43
64ea5e09fe4f979a95e9d93d,f839549e-6136-48a7-8e8b-607b932bbefd,77cc039d-b503-4301-b257-714aaf9fb42e,P0142,9,13.22
64ea5e09fe4f979a95e9d93e,e703bcb5-bbc6-48f8-8a37-cbc562e686fb,142dcc9c-e6ad-4d68-8923-d9752a14ba5f,P0154,1,371.32
64ea5e09fe4f979a95e9d93f,154baffa-121f-483d-804e-2c108d503fce,142dcc9c-e6ad-4d68-8923-d9752a14ba5f,P0087,2,467.86
64ea5e09fe4f979a95e9d940,bf9a28a0-6510-4ff2-81f2-225761076985,142dcc9c-e6ad-4d68-8923-d9752a14ba5f,P0496,5,414.62
64ea5e09fe4f979a95e9d941,dc6760c1-602b-4864-8284-3e165769f15d,16e375b7-a1d8-49f4-a1f1-7d6b019d6d28,P0109,1,135.4
64ea5e09fe4f979a95e9d942,4856eae4-890e-47b8-b96b-77232d21ef46,16e375b7-a1d8-49f4-a1f1-7d6b019d6d28,P0082,6,284.79
64ea5e09fe4f979a95e9d943,74836fff-b6ea-4d46-b517-7e956fa5a021,16e375b7-a1d8-49f4-a1f1-7d6b019d6d28,P0187,1,329.99
64ea5e09fe4f979a95e9d944,5efb3155-e2c2-4b8b-ad80-66a7acfe184d,47cdb165-79b9-49ce-a99f-2c9a33e26bdf,P0329,4,269.76
64ea5e09fe4f979a95e9d945,7e49797a-ed37-4eae-884a-43e3dc258f40,47cdb165-79b9-49ce-a99f-2c9a33e26bdf,P0304,1,270.3
64ea5e09fe4f979a95e9d946,76b430db-448e-4362-80e2-3d2d8095b2f5,47cdb165-79b9-49ce-a99f-2c9a33e26bdf,P0254,2,54.93
64ea5e09fe4f979a95e9d947,c94753be-7dde-43fd-920a-fe4bcd5bcaeb,47cdb165-79b9-49ce-a99f-2c9a33e26bdf,P0227,9,198.34
64ea5e09fe4f979a95e9d948,c218308a-0dc7-4515-b42f-5760d37a6d1d,c48d0fb1-200b-4206-bb3a-5fedf5487033,P0219,5,250.75
64ea5e09fe4f979a95e9d949,e1eedcf9-494a-471b-a092-bad0507763e8,c48d0fb1-200b-4206-bb3a-5fedf5487033,P0114,3,319.95
64ea5e09fe4f979a95e9d94a,febc213d-2c04-4090-83e1-c6661246f8b0,43838cfc-a851-4528-9b3f-9f12c4683151,P0458,1,37.64
64ea5e09fe4f979a95e9d94b,b46396e6-b118-4843-9d39-6b6e019e7d6c,fd760732-c1be-4776-a602-24495d6b413f,P0190,1,27.83
64ea5e09fe4f979a95e9d94c,50de355f-0803-4eb4-b39c-37b0912e35ac,fd760732-c1be-4776-a602-24495d6b413f,P0326,5,465.05
64ea5e09fe4f979a95e9d94d,0d262317-1239-4e8c-9ee5-0474265438de,fd760732-c1be-4776-a602-24495d6b413f,P0256,4,303.08
64ea5e09fe4f979a95e9d94e,d8bdf31d-ec09-48ff-8e15-eb645164c0ab,fd760732-c1be-4776-a602-24495d6b413f,P0171,2,98.41
64ea5e09fe4f979a95e9d94f,9f8e8be5-0afa-41a0-8dd0-799431e50ef8,6b1fa147-b78b-4e4c-b130-285c5f5518df,P0150,4,246.31
64ea5e09fe4f979a95e9d950,69d21ae3-a749-48e4-b500-9d816728b39a,519f43e9-f980-4e32-be9b-5a06939d37c9,P0494,4,137.57
64ea5e09fe4f979a95e9d951,0c113481-788c-45ed-b68c-f901ce9f1c0c,97577015-47c7-4e55-84fa-dec0547ae1a3,P0183,5,362.77
64ea5e09fe4f979a95e9d952,954a9b3c-a790-4f64-beea-3119093c136f,97577015-47c7-4e55-84fa-dec0547ae1a3,P0203,4,297.01
64ea5e09fe4f979a95e9d953,a7fec9cc-1970-4816-92bd-c6c9e846f004,bd46f780-3c17-471c-a441-5f7f081486e8,P0074,1,191.96
64ea5e09fe4f979a95e9d954,5b6a4f27-a006-46ab-9c24-e92589ed828c,bd46f780-3c17-471c-a441-5f7f081486e8,P0445,3,395.96
64ea5e09fe4f979a95e9d955,50ec5b8d-5b4f-4130-b473-611398412082,4ffa624a-4cff-4dd2-b655-65e5b0e05b83,P0472,2,20.38
64ea5e09fe4f979a95e9d956,016f771c-c893-463b-9aa6-997f1d209244,4ffa624a-4cff-4dd2-b655-65e5b0e05b83,P0033,3,91.85
64ea5e09fe4f979a95e9d957,3a87891a-bc24-4b50-8203-528522de341c,777508dd-3628-4e59-b300-7fe16eaf7cce,P0036,1,208.95
64ea5e09fe4f979a95e9d958,d8c0d656-6c28-4dbb-b714-fe3e7132a779,777508dd-3628-4e59-b300-7fe16eaf7cce,P0164,4,477.89
64ea5e09fe4f979a95e9d959,d0183a7d-8837-4142-963a-b0560dedf973,d9d900e9-0f31-4d00-a112-b7971861b539,P0069,8,61.01
64ea5e09fe4f979a95e9d95a,ec3af252-1254-47ee-8b88-a718d3848a09,41e7d5cb-a736-48e5-8547-a83c71a21ca2,P0498,1,411.48
64ea5e09fe4f979a95e9d95b,c5c97fda-2b6f-4640-b0fd-9af3b37bb07d,41e7d5cb-a736-48e5-8547-a83c71a21ca2,P0155,3,472.81
64ea5e09fe4f979a95e9d95c,2f4affd5-abc9-4c41-aabc-b348ca7fa68e,550a9e88-c312-45f7-b074-60ad3a561096,P0175,10,395.66
64ea5e09fe4f979a95e9d95d,86efd0bf-2f7a-4a1e-b8d3-4d56c7c012fd,550a9e88-c312-45f7-b074-60ad3a561096,P0160,8,333.99
64ea5e09fe4f979a95e9d95e,d1c90f60-6c42-4d16-adf9-df9160e0b175,550a9e88-c312-45f7-b074-60ad3a561096,P0425,9,73.73
64ea5e09fe4f979a95e9d95f,9cacf539-b2bb-416e-a148-4734d5227212,550a9e88-c312-45f7-b074-60ad3a561096,P0216,9,219.32
64ea5e09fe4f979a95e9d960,67904cad-f26c-41fb-b956-94ce70da8f75,72544e9a-3481-4189-9b31-b20568f74a5f,P0420,1,165.18
64ea5e09fe4f979a95e9d961,5942f610-578f-47ce-aa38-18c8e830e2f3,56efe44d-7431-438f-becc-24cfaf2dae70,P0215,9,128.79
64ea5e09fe4f979a95e9d962,0feb30ed-05c3-42e2-b608-7f22dda524d4,56efe44d-7431-438f-becc-24cfaf2dae70,P0159,10,374.09
64ea5e09fe4f979a95e9d963,9eab117c-14af-4b4a-9128-e8cfcfc3ee64,56efe44d-7431-438f-becc-24cfaf2dae70,P0029,2,473.5
64ea5e09fe4f979a95e9d964,a2295bd8-be51-4f42-a0e1-4a7b858fb4bc,b0b3bfd4-fd40-4a08-a9a3-815613f1a297,P0092,1,94.17
64ea5e09fe4f979a95e9d965,a9b50426-b0c7-410a-a651-36be701532a4,b0b3bfd4-fd40-4a08-a9a3-815613f1a297,P0050,7,160.43
64ea5e09fe4f979a95e9d966,56513fe0-cb45-42bf-8b9f-a9ec7f6d951c,b0b3bfd4-fd40-4a08-a9a3-815613f1a297,P0490,4,320.16
64ea5e09fe4f979a95e9d967,6088a59b-3ae8-451e-ba0d-88c3fe9e6d7d,b0b3bfd4-fd40-4a08-a9a3-815613f1a297,P0404,9,127.18
64ea5e09fe4f979a95e9d968,6de6d278-8b13-4f01-899d-7b4cea055681,b0b3bfd4-fd40-4a08-a9a3-815613f1a297,P0333,9,353.52
64ea5e09fe4f979a95e9d969,db896c21-a447-4cde-b183-97070dd7becf,38767668-d840-4ecb-8291-7fe3915fcc76,P0234,2,277.47
64ea5e09fe4f979a95e9d96a,9ea5c8a2-6135-4a57-92cf-322e650f5371,38767668-d840-4ecb-8291-7fe3915fcc76,P0063,8,215.42
64ea5e09fe4f979a95e9d96b,0756b524-2030-43e5-b59a-47522f8c5ee8,38767668-d840-4ecb-8291-7fe3915fcc76,P0035,10,175.48
64ea5e09fe4f979a95e9d96c,0d09edc5-23c9-467e-a7f3-aafe251de19a,9a6ce386-b209-4715-9b1d-1ea95baa9546,P0148,1,19.84
64ea5e09fe4f979a95e9d96d,660e08a9-9c9d-4d78-bee3-eb11d5b076cd,9a6ce386-b209-4715-9b1d-1ea95baa9546,P0143,8,190.03
64ea5e09fe4f979a95e9d96e,dede63d7-ebc4-4303-9aca-39dcaf913127,9a6ce386-b209-4715-9b1d-1ea95baa9546,P0468,7,137.97
64ea5e09fe4f979a95e9d96f,7969fb07-ba33-46f0-a571-632f4820fb22,b094f951-d2f0-40cf-b6f0-08100307a487,P0267,9,457.28
64ea5e09fe4f979a95e9d970,cb664d16-5297-4ce3-ad0d-61125e2fc227,b094f951-d2f0-40cf-b6f0-08100307a487,P0278,7,225.71
64ea5e09fe4f979a95e9d971,6cf8bad5-fdfe-42a0-9d97-aa4240c957ec,b094f951-d2f0-40cf-b6f0-08100307a487,P0033,8,257
64ea5e09fe4f979a95e9d972,614600d6-0eec-434b-851e-77fb97c727ad,b094f951-d2f0-40cf-b6f0-08100307a487,P0119,4,107.2
64ea5e09fe4f979a95e9d973,9f8344aa-847d-42fe-a113-ab0d12b6b17f,4d6ed992-11e7-4be7-8de7-3b2269c9f369,P0372,8,265.79
64ea5e09fe4f979a95e9d974,ecbab107-ff1b-478b-84ad-e2f5ae762c37,4d6ed992-11e7-4be7-8de7-3b2269c9f369,P0003,6,94.68
64ea5e09fe4f979a95e9d975,10e65786-0191-4643-b4b1-dd6246a0e510,4d6ed992-11e7-4be7-8de7-3b2269c9f369,P0098,10,110.53
64ea5e09fe4f979a95e9d976,76d43d05-4191-483e-ad44-c0f56e1ee0f6,4d6ed992-11e7-4be7-8de7-3b2269c9f369,P0429,10,193.32
64ea5e09fe4f979a95e9d977,434da79a-3630-4cd5-b439-17c2ac9991e1,a9801ca5-71f8-4754-8585-fbb02a052f7f,P0211,8,260.44
64ea5e09fe4f979a95e9d978,23892065-5505-4a1b-bb96-fb7405715b22,a18692f4-eab4-4c50-8d08-7b5d2685f28f,P0362,9,84.73
64ea5e09fe4f979a95e9d979,4bd57c5f-80b3-45f0-82d4-2de9a06aa7a8,a18692f4-eab4-4c50-8d08-7b5d2685f28f,P0173,9,143.06
64ea5e09fe4f979a95e9d97a,27f3b026-31f7-487d-b156-f2aaf35ed3c9,f6206c6e-e645-46d7-8564-dfc62d68a5ad,P0110,7,180.34
64ea5e09fe4f979a95e9d97b,8e036fad-db51-44bd-9b66-caee9a10fbc9,f6206c6e-e645-46d7-8564-dfc62d68a5ad,P0064,8,299.26
64ea5e09fe4f979a95e9d97c,35dc89c9-0c40-45d6-b072-e43086ac088b,c1373ee8-416a-4e84-be18-fb01cf78ffe5,P0064,8,207.52
64ea5e09fe4f979a95e9d97d,df609335-244c-40e8-9366-5970a3fe2592,50d48121-a4a1-4f09-a1c3-2cced0dc702f,P0162,3,413.54
64ea5e09fe4f979a95e9d97e,012321b9-81dd-4c5d-af42-45bd67ae6141,50d48121-a4a1-4f09-a1c3-2cced0dc702f,P0107,9,390.36
64ea5e09fe4f979a95e9d97f,5c352e48-b6bc-493f-bd01-3e82ac56660c,ed417980-816e-490a-b9ad-6dbeff1aea05,P0380,3,143.97
64ea5e09fe4f979a95e9d980,1b8997c9-a701-4008-8f89-1a862e71fbc1,ed417980-816e-490a-b9ad-6dbeff1aea05,P0145,8,227.04
64ea5e09fe4f979a95e9d981,e47917aa-b567-432a-8bab-a1c961264083,ed417980-816e-490a-b9ad-6dbeff1aea05,P0198,8,330.21
64ea5e09fe4f979a95e9d982,5f8dfd7b-371b-4425-aa8d-f8bfff7925d6,ed417980-816e-490a-b9ad-6dbeff1aea05,P0288,5,240.22
64ea5e09fe4f979a95e9d983,d83cc6af-74f6-4734-8936-2d42e71aa63d,16bd9e3f-36fc-4ba9-afe6-34d250867f1f,P0312,10,323.83
64ea5e09fe4f979a95e9d984,9890afb2-c323-4066-b61e-f56f9ccc7ee7,bab16fa6-ba05-4811-9ba1-d6383b62be0b,P0005,3,337.99
64ea5e09fe4f979a95e9d985,d79c2210-6aa8-4c12-94b4-4a7b8e948ee0,bab16fa6-ba05-4811-9ba1-d6383b62be0b,P0096,9,347.9
64ea5e09fe4f979a95e9d986,3c499c3c-46ad-46d1-8f42-e97fdbf19344,bab16fa6-ba05-4811-9ba1-d6383b62be0b,P0122,4,299.87
64ea5e09fe4f979a95e9d987,9d26c06d-8490-4543-8924-c9ceb5e88897,bab16fa6-ba05-4811-9ba1-d6383b62be0b,P0268,1,225.75
64ea5e09fe4f979a95e9d988,7135977d-2b02-446e-ad77-235bbc02acf1,a50a682d-135e-4688-8596-27e92838ce23,P0049,8,403.9
64ea5e09fe4f979a95e9d989,1ea31c1a-9572-4e54-ac52-1354ebc27fb2,a50a682d-135e-4688-8596-27e92838ce23,P0183,2,499.22
64ea5e09fe4f979a95e9d98a,4c67dbe6-47fa-4bf1-a00c-0ecd12873663,a50a682d-135e-4688-8596-27e92838ce23,P0312,9,436.61
64ea5e09fe4f979a95e9d98b,10b07ba5-7088-4d15-ad04-dbad773730c8,a50a682d-135e-4688-8596-27e92838ce23,P0020,1,470.11
64ea5e09fe4f979a95e9d98c,0ad4d026-0c32-4f3e-b3c7-0bd11bb7608c,a50a682d-135e-4688-8596-27e92838ce23,P0399,3,159.33
64ea5e09fe4f979a95e9d98d,fbcefb48-ef61-49eb-b87b-4a8e4b7b8ad2,51df6144-e269-47cb-a41b-1df93bd1df0b,P0011,1,266.94
64ea5e09fe4f979a95e9d98e,4f44c7aa-2879-44f7-ab28-f54793f35c43,900ab4f1-9534-4ac2-9c16-5288ee4a9ad6,P0346,2,412.84
64ea5e09fe4f979a95e9d98f,92b914a8-ce2f-4dce-a037-e7e852bd7230,900ab4f1-9534-4ac2-9c16-5288ee4a9ad6,P0188,4,485.73
64ea5e09fe4f979a95e9d990,f577f945-b8b8-4afb-a396-5df527896056,900ab4f1-9534-4ac2-9c16-5288ee4a9ad6,P0445,9,430.69
64ea5e09fe4f979a95e9d991,f9e64e67-5395-456b-af9f-8c3159992a4c,900ab4f1-9534-4ac2-9c16-5288ee4a9ad6,P0463,2,343.9
64ea5e09fe4f979a95e9d992,e73491ea-f7aa-4faf-be23-3a6f6d94cffc,a059f6b9-fc86-423b-8eb8-607e14a0224d,P0104,4,457.92
64ea5e09fe4f979a95e9d993,3d5ef456-ca74-436a-8647-6a929adf5a72,a059f6b9-fc86-423b-8eb8-607e14a0224d,P0125,1,237.04
64ea5e09fe4f979a95e9d994,49f6e25c-bf23-491a-bfdf-3c28ffb2fe04,a059f6b9-fc86-423b-8eb8-607e14a0224d,P0466,8,310.32
64ea5e09fe4f979a95e9d995,9a3c64f9-bc1e-4611-866f-bf2f31e470d6,a059f6b9-fc86-423b-8eb8-607e14a0224d,P0445,8,339.31
64ea5e09fe4f979a95e9d996,1ced3df8-2cdf-4ea4-8cde-8c01e420d764,f230ceb0-2ec8-498b-9693-424f4d1d8b10,P0424,9,233.42
64ea5e09fe4f979a95e9d997,913fe18e-1037-4c8e-86a8-fffa7a35bcbd,f230ceb0-2ec8-498b-9693-424f4d1d8b10,P0021,8,203.66
64ea5e09fe4f979a95e9d998,7f3e283a-f9b8-4150-bf1f-124565dbb416,f230ceb0-2ec8-498b-9693-424f4d1d8b10,P0456,1,86.97
64ea5e09fe4f979a95e9d999,d3305cca-c12f-45ee-b5d9-e37f98442ea5,ad07e319-f955-4328-9608-748963cc4911,P0292,5,57.86
64ea5e09fe4f979a95e9d99a,71808fae-7468-4d6e-a2af-ccbff5ef6c15,ad07e319-f955-4328-9608-748963cc4911,P0260,7,253.35
64ea5e09fe4f979a95e9d99b,792ea6cf-270b-4ce2-8b2e-54ff21ff3500,ad07e319-f955-4328-9608-748963cc4911,P0142,1,117.81
64ea5e09fe4f979a95e9d99c,e11ff048-4c94-4f74-89d0-380548a62caa,951a0b30-a9e5-4868-8b37-db1e40328706,P0161,5,124.19
64ea5e09fe4f979a95e9d99d,b954c50a-a9d3-4005-9143-2d252469523d,951a0b30-a9e5-4868-8b37-db1e40328706,P0371,10,15.51
64ea5e09fe4f979a95e9d99e,f43e7e2c-34f3-484e-8d70-9dbddf62ec4a,951a0b30-a9e5-4868-8b37-db1e40328706,P0413,6,276.26
64ea5e09fe4f979a95e9d99f,30344f13-fa49-404c-96f6-463e99f1d515,951a0b30-a9e5-4868-8b37-db1e40328706,P0470,5,276.77
64ea5e09fe4f979a95e9d9a0,01002435-a61b-4995-bce5-b033c71d1035,951a0b30-a9e5-4868-8b37-db1e40328706,P0429,5,194.75
64ea5e09fe4f979a95e9d9a1,86ed90f9-9f96-4c87-b387-2f2bcd51fd17,5ad8e0d6-5bb3-4533-9438-a824b93e54bb,P0495,1,279.12
64ea5e09fe4f979a95e9d9a2,cea9afce-6c6e-40d2-b354-1d5a0acd0685,5ad8e0d6-5bb3-4533-9438-a824b93e54bb,P0311,7,36.36
64ea5e09fe4f979a95e9d9a3,700aec89-bfd5-450c-ae7d-4dd6d700aa74,9bb9a714-2841-48d9-a4bb-cf891081bec5,P0273,6,375.9
64ea5e09fe4f979a95e9d9a4,04f08627-d09b-4cf2-a3d9-70ea89091085,9bb9a714-2841-48d9-a4bb-cf891081bec5,P0070,10,119.52
64ea5e09fe4f979a95e9d9a5,28014e23-b034-43c3-a32e-311ff7e5f2f9,9bb9a714-2841-48d9-a4bb-cf891081bec5,P0463,9,345.84
64ea5e09fe4f979a95e9d9a6,d913ca58-efcc-4990-8aeb-54bb082fc26b,9bb9a714-2841-48d9-a4bb-cf891081bec5,P0201,5,139.52
64ea5e09fe4f979a95e9d9a7,c87b30b9-1a31-4d16-8824-66c59cc8de5c,08999c12-824e-4f18-a58b-8e2c9c30745b,P0280,5,327.42
64ea5e09fe4f979a95e9d9a8,bc0f97d6-8c91-4179-b5b8-b83b7a4e8aa7,08999c12-824e-4f18-a58b-8e2c9c30745b,P0180,9,218.59
64ea5e09fe4f979a95e9d9a9,512a2944-3d46-4fe9-8875-076a907b63e8,08999c12-824e-4f18-a58b-8e2c9c30745b,P0133,9,347.25
64ea5e09fe4f979a95e9d9aa,7ddbc278-06ad-4872-afa4-2248d2b29d33,ed3c2b94-17ff-4f2d-ae8f-018150fc60a8,P0286,5,183.41
64ea5e09fe4f979a95e9d9ab,1af2d99f-b16b-4c8c-9667-57d311b5a0d0,ed3c2b94-17ff-4f2d-ae8f-018150fc60a8,P0479,6,271.36
64ea5e09fe4f979a95e9d9ac,8f8835c1-e0f8-46ed-a0dc-c8a5c8eb43ed,ed3c2b94-17ff-4f2d-ae8f-018150fc60a8,P0446,5,44.4
64ea5e09fe4f979a95e9d9ad,f2bce00c-00b3-418f-8503-2c90cc35428c,73c3cd70-153a-4217-8053-7f8ff1c0ff90,P0295,5,258.81
64ea5e09fe4f979a95e9d9ae,67d4f19c-5fe8-4df2-aeef-818096973acb,73c3cd70-153a-4217-8053-7f8ff1c0ff90,P0447,9,41.06
64ea5e09fe4f979a95e9d9af,8f366217-ba6d-470c-aedb-0412c851572d,73c3cd70-153a-4217-8053-7f8ff1c0ff90,P0088,2,395.21
64ea5e09fe4f979a95e9d9b0,499f5ec6-acca-4dc8-ae6a-3c103080d19b,73c3cd70-153a-4217-8053-7f8ff1c0ff90,P0302,9,195.63
64ea5e09fe4f979a95e9d9b1,2531e293-17ce-4a2f-b01f-9b00e7149bec,73c3cd70-153a-4217-8053-7f8ff1c0ff90,P0113,3,415.83
64ea5e09fe4f979a95e9d9b2,6fe11345-5e44-4d35-9872-6f82c8bf8120,c2b04f4a-2a22-4e57-864c-ece17f03c314,P0450,5,146.68
64ea5e09fe4f979a95e9d9b3,fa42587b-b741-4eb2-b6ad-470f373cfca4,c2b04f4a-2a22-4e57-864c-ece17f03c314,P0119,7,122.17
64ea5e09fe4f979a95e9d9b4,a9da8b61-10d8-442c-9fb3-d8ce4a24818a,217879f5-5bf7-404d-96dd-5512f6078fd7,P0451,5,436
64ea5e09fe4f979a95e9d9b5,6a3e8999-b6d2-41a1-83ba-1b648ae5b287,e584bfdf-a723-409d-9ed5-f59f6d8541ea,P0084,4,72.75
64ea5e09fe4f979a95e9d9b6,ca9bc623-f012-4313-84b7-0a62ca9ad960,e584bfdf-a723-409d-9ed5-f59f6d8541ea,P0425,4,416.14
64ea5e09fe4f979a95e9d9b7,5279b9c8-e22a-4c50-9df0-c0320a784461,e584bfdf-a723-409d-9ed5-f59f6d8541ea,P0174,4,10.72
64ea5e09fe4f979a95e9d9b8,10b457a8-9a52-4389-a3e8-dcae07868455,934d23a2-7424-4160-9bc5-d73a0a064ce0,P0274,8,451.07
64ea5e09fe4f979a95e9d9b9,cbaf63b0-5ada-43ea-918d-673e77eb145d,934d23a2-7424-4160-9bc5-d73a0a064ce0,P0466,1,159.08
64ea5e09fe4f979a95e9d9ba,d948d794-007b-427f-905a-fb2eac1c5253,9c587960-c4f6-4032-b19f-bd92ca50da3f,P0488,3,458.27
64ea5e09fe4f979a95e9d9bb,293fc183-4e85-498e-8198-e717f3ed62dd,9c587960-c4f6-4032-b19f-bd92ca50da3f,P0023,5,91.5
64ea5e09fe4f979a95e9d9bc,2192154d-8c7c-4529-b0c0-890daf00e874,9c587960-c4f6-4032-b19f-bd92ca50da3f,P0369,3,418.11
64ea5e09fe4f979a95e9d9bd,a1f5e554-9de1-4233-a65c-709b2338073e,9c587960-c4f6-4032-b19f-bd92ca50da3f,P0437,2,473.63
64ea5e09fe4f979a95e9d9be,b158c15d-2198-4807-afda-89362f5d0fb0,9c587960-c4f6-4032-b19f-bd92ca50da3f,P0054,10,415.5
64ea5e09fe4f979a95e9d9bf,c456658f-ea55-4d75-aef1-cb2636d0435f,04aca9a9-4069-471f-9baa-4b16aee4310d,P0307,1,28.97
64ea5e09fe4f979a95e9d9c0,24dda8a5-663c-41ad-879f-43ffa866313f,04aca9a9-4069-471f-9baa-4b16aee4310d,P0108,2,446.61
64ea5e09fe4f979a95e9d9c1,0e981598-f6de-42de-b939-9312e2592e94,04aca9a9-4069-471f-9baa-4b16aee4310d,P0491,4,27.55
64ea5e09fe4f979a95e9d9c2,8a208e3a-a769-47fc-92b4-5c67a750158a,04aca9a9-4069-471f-9baa-4b16aee4310d,P0451,5,34.52
64ea5e09fe4f979a95e9d9c3,400a2401-c2e9-4469-a97d-cd15b214f5ac,db5ba7ff-ebe2-42f3-ab29-3bd607f0f46f,P0333,10,91.58
64ea5e09fe4f979a95e9d9c4,9c45b28f-69d9-48c5-ac0a-565223869261,db5ba7ff-ebe2-42f3-ab29-3bd607f0f46f,P0194,4,439.09
64ea5e09fe4f979a95e9d9c5,eaa6cce3-e2d3-45b0-b760-e5193513f691,0334ef96-c947-4cd5-8e43-4bbf07999565,P0233,1,357.65
64ea5e09fe4f979a95e9d9c6,52e192ac-bd3f-44f1-9ebb-74d48a7a5808,0334ef96-c947-4cd5-8e43-4bbf07999565,P0116,1,406.2
64ea5e09fe4f979a95e9d9c7,6ee06b02-3602-43c6-86b2-72e93ce77c3f,0334ef96-c947-4cd5-8e43-4bbf07999565,P0469,1,277.56
64ea5e09fe4f979a95e9d9c8,1e99ff30-f38e-497f-a13b-5a97e85fac20,0334ef96-c947-4cd5-8e43-4bbf07999565,P0001,10,250.08
64ea5e09fe4f979a95e9d9c9,11183e27-6508-4615-9f33-c78d13ffeb8b,72e208f6-cf6b-4cf1-bfc9-6bd5ae9f4d2e,P0440,4,290.92
64ea5e09fe4f979a95e9d9ca,8e369a38-5570-4d26-addd-1490b967366a,72e208f6-cf6b-4cf1-bfc9-6bd5ae9f4d2e,P0479,2,311.04
64ea5e09fe4f979a95e9d9cb,61b0faff-ff91-4201-ae3e-32523d162382,72e208f6-cf6b-4cf1-bfc9-6bd5ae9f4d2e,P0340,1,10.27
64ea5e09fe4f979a95e9d9cc,3d65a9a9-9a77-4ddb-b152-2669823be547,72e208f6-cf6b-4cf1-bfc9-6bd5ae9f4d2e,P0321,3,120.68
64ea5e09fe4f979a95e9d9cd,802b168d-84bd-402c-be84-456122f59741,72e208f6-cf6b-4cf1-bfc9-6bd5ae9f4d2e,P0248,4,181.28
64ea5e09fe4f979a95e9d9ce,c9b1259a-ddca-4c7a-b816-54e00fd922de,63766071-a8b3-424e-98d5-889bb8dc8cce,P0268,3,92.05
64ea5e09fe4f979a95e9d9cf,0e6f3c23-f5e8-4800-96e7-b64d73ba2e98,63766071-a8b3-424e-98d5-889bb8dc8cce,P0389,6,352
64ea5e09fe4f979a95e9d9d0,98676a0d-8286-45d2-95d9-1e85fb63e9ad,63766071-a8b3-424e-98d5-889bb8dc8cce,P0479,8,146.12
64ea5e09fe4f979a95e9d9d1,885d195e-b253-412f-8489-4902d47b643f,63766071-a8b3-424e-98d5-889bb8dc8cce,P0295,6,129.25
64ea5e09fe4f979a95e9d9d2,09a5fc10-2888-494c-9a67-ee6d8bd23955,8ec10a80-469c-42a5-86c3-4836418c4a08,P0261,2,223.15
64ea5e09fe4f979a95e9d9d3,804c4776-c82c-44e5-be77-265b527d6a2e,8ec10a80-469c-42a5-86c3-4836418c4a08,P0331,4,333.4
64ea5e09fe4f979a95e9d9d4,01832dd1-04e6-4504-99b6-71725b99f217,8ec10a80-469c-42a5-86c3-4836418c4a08,P0325,3,302.06
64ea5e09fe4f979a95e9d9d5,9c9a97e5-0762-4ab0-972c-3e747eb611aa,c1d88f1c-31c3-4161-85f0-75505da952e4,P0294,1,477.19
64ea5e09fe4f979a95e9d9d6,b26c9f7d-a5db-4361-b681-eaf8c494e09e,c1d88f1c-31c3-4161-85f0-75505da952e4,P0110,8,377.94
64ea5e09fe4f979a95e9d9d7,96227f33-4e99-474a-b86f-f37b314898f5,c1d88f1c-31c3-4161-85f0-75505da952e4,P0001,6,253.89
64ea5e09fe4f979a95e9d9d8,2e33c8dd-d04b-4d5c-84f8-804feef93173,c1d88f1c-31c3-4161-85f0-75505da952e4,P0317,6,270.63
64ea5e09fe4f979a95e9d9d9,7e3bd329-1e94-4e3d-94ec-ccae1443c98c,3935e9d5-59fd-4f97-b369-a0e059d5547d,P0323,6,135.98
64ea5e09fe4f979a95e9d9da,9143316b-d7f5-4c89-b55c-93991ca16d51,3935e9d5-59fd-4f97-b369-a0e059d5547d,P0425,1,489.69
64ea5e09fe4f979a95e9d9db,5a080c59-136c-4263-8b1e-de3e5ba63b2e,3935e9d5-59fd-4f97-b369-a0e059d5547d,P0383,8,303.32
64ea5e09fe4f979a95e9d9dc,84cfe3e1-1f4b-4d34-8a84-0572f75d022f,fb3364ea-d9a3-4ca6-9131-34369bf6da9c,P0069,8,81.37
64ea5e09fe4f979a95e9d9dd,cdbb8fd0-8686-4df7-acfb-ef3139faaa4d,fb3364ea-d9a3-4ca6-9131-34369bf6da9c,P0349,4,106.79
64ea5e09fe4f979a95e9d9de,388445f5-02cd-4c74-a62f-9c1080a82ab7,fb3364ea-d9a3-4ca6-9131-34369bf6da9c,P0413,10,13.53
64ea5e09fe4f979a95e9d9df,376c4f38-b9f9-4bc9-8a56-cee1109a4996,2af29fc2-fb95-4a5c-977a-e5c04034463d,P0438,6,287.77
64ea5e09fe4f979a95e9d9e0,7122c882-9782-4c90-bca5-3ec6ced98c8d,2af29fc2-fb95-4a5c-977a-e5c04034463d,P0060,10,425.69
64ea5e09fe4f979a95e9d9e1,91eb34f9-7065-43b2-8990-c058dc409c2a,2af29fc2-fb95-4a5c-977a-e5c04034463d,P0424,1,201.39
64ea5e09fe4f979a95e9d9e2,8de9e043-7989-4d3e-8d57-a3c08fbc920d,2af29fc2-fb95-4a5c-977a-e5c04034463d,P0296,10,464.16
64ea5e09fe4f979a95e9d9e3,4ddc4721-3d58-4463-9423-513b6721330e,efe94be9-c979-4d9f-aa06-afeb95748173,P0233,5,166.5
64ea5e09fe4f979a95e9d9e4,6beac5f9-43ee-4f1f-87f5-afe56eac5416,efe94be9-c979-4d9f-aa06-afeb95748173,P0151,1,158.56
64ea5e09fe4f979a95e9d9e5,dd0871c4-8f9d-4831-ad06-acc67b87c747,efe94be9-c979-4d9f-aa06-afeb95748173,P0350,7,111.7
64ea5e09fe4f979a95e9d9e6,616e5bf2-adfd-4249-af05-2698f238ecdc,efe94be9-c979-4d9f-aa06-afeb95748173,P0280,6,337.27
64ea5e09fe4f979a95e9d9e7,362a1b69-fa0d-48b8-ae92-8af3bfc37c23,efe94be9-c979-4d9f-aa06-afeb95748173,P0007,2,160.22
64ea5e09fe4f979a95e9d9e8,76669e96-835e-4c99-8cd4-b39fe2f8d6f0,ce1707c6-974c-4277-93bc-17aea6697468,P0453,3,425.85
64ea5e09fe4f979a95e9d9e9,e1b5638f-5985-40b0-be91-b65540595b0a,ce1707c6-974c-4277-93bc-17aea6697468,P0255,1,217.52
64ea5e09fe4f979a95e9d9ea,18e888ef-1ee4-40b7-bf5d-6a2742cbb537,94191e82-b7c8-4a76-b041-78d4a4a9ca4d,P0468,2,370.96
64ea5e09fe4f979a95e9d9eb,5d0563a9-c7bf-4781-ae0f-6ffe965c03ba,94191e82-b7c8-4a76-b041-78d4a4a9ca4d,P0339,2,305.97
64ea5e09fe4f979a95e9d9ec,c5a64087-fe39-4ddd-8f5a-9bbb570deab0,889c01ca-3e96-421a-9838-55ce7ca52e11,P0497,5,424.63
64ea5e09fe4f979a95e9d9ed,9e59c4a6-c713-4067-9aab-7dfa53c102e1,889c01ca-3e96-421a-9838-55ce7ca52e11,P0239,2,23.77
64ea5e09fe4f979a95e9d9ee,5cc1e339-e046-4957-91d4-c3be789e5a08,889c01ca-3e96-421a-9838-55ce7ca52e11,P0241,9,352.3
64ea5e09fe4f979a95e9d9ef,7f97565d-ce7f-41b2-87a4-cd6252e4e93d,4fc9e0a0-8c48-4f18-a263-f58f4202c3ae,P0108,7,75.76
64ea5e09fe4f979a95e9d9f0,086f5b4e-8628-4eed-8c35-e3d020d1df52,4fc9e0a0-8c48-4f18-a263-f58f4202c3ae,P0262,6,354.79
64ea5e09fe4f979a95e9d9f1,797d47f5-32fc-48df-ac5e-176bae52f81a,4fc9e0a0-8c48-4f18-a263-f58f4202c3ae,P0133,4,39.01
64ea5e09fe4f979a95e9d9f2,7f3f7ce4-abbf-4ed3-9c0b-f463e0a9f65e,4fc9e0a0-8c48-4f18-a263-f58f4202c3ae,P0354,1,301.1
64ea5e09fe4f979a95e9d9f3,277bec58-cd9c-4f09-a1ad-246f18f49a88,4fc9e0a0-8c48-4f18-a263-f58f4202c3ae,P0399,3,57.29
64ea5e09fe4f979a95e9d9f4,52e48870-a332-4fe5-81d8-c0edb5398003,3dc7282d-5aaf-446d-adf4-47b0b9327df7,P0455,9,169.48
64ea5e09fe4f979a95e9d9f5,531dc21e-edda-4811-9e4d-f041e4edf456,0f95ef92-6dbf-431d-90b6-d42d85f63a9d,P0056,9,263.08
64ea5e09fe4f979a95e9d9f6,0b004a21-2a9b-4a9f-a5f8-699ff0b67363,0f95ef92-6dbf-431d-90b6-d42d85f63a9d,P0226,3,470.04
64ea5e09fe4f979a95e9d9f7,e8173cbd-6ea6-4436-8168-0600c9bb8dfa,0f95ef92-6dbf-431d-90b6-d42d85f63a9d,P0237,2,182.75
64ea5e09fe4f979a95e9d9f8,75adff28-ea24-4bdf-b045-918c236a437e,0f95ef92-6dbf-431d-90b6-d42d85f63a9d,P0280,4,50.16
64ea5e09fe4f979a95e9d9f9,a6509306-6b98-4d9a-97ad-0652c061d1ab,0f95ef92-6dbf-431d-90b6-d42d85f63a9d,P0495,3,409.02
64ea5e09fe4f979a95e9d9fa,6ae0df58-0762-4d92-8846-288f2a80936c,4c4a8f3e-b9fc-4f57-9a45-0fa25621a61f,P0078,7,258.2
