_id,Refund ID,Order ID,Refund Date,Refunded Amount,Reason
64ea5e09fe4f979a95e9db2f,11c797eb-54d6-4db1-8271-45f73c7007d9,b9dc1bef-b7c0-43d8-b840-abd5861f8e6a,2020-12-26T09:26:24.000Z,42.6,Individual resource often culture goal.
64ea5e09fe4f979a95e9db30,acc499a5-7e38-4794-87f6-b9da4d988972,154a8dfe-ab6a-4578-b9e3-0aa263cb2bfc,2020-12-26T11:16:12.000Z,663.52,Garden public police truth worker.
64ea5e09fe4f979a95e9db31,257e0333-bc37-413a-8f7a-dcaf09dd42fb,2590bf3c-6d65-41f2-8116-e1619e37b0a0,2023-05-21T22:13:01.000Z,46.99,Let federal unit treat.
64ea5e09fe4f979a95e9db32,591e250b-a696-49e2-896b-2485f6e27d04,3369bd94-d8df-472b-ac98-e6e0ff9ff4cc,2022-08-22T13:03:16.000Z,20.29,Bring happy than heavy accept hear.
64ea5e09fe4f979a95e9db33,3da3a27a-9109-4777-9113-91884081b79b,b009bc03-2167-4c61-a480-01a2f9608e8d,2022-03-22T16:36:44.000Z,177.14,Fight either produce fear choice.
64ea5e09fe4f979a95e9db34,969f6c05-509a-40f1-9bbc-fbc352d9ff6a,43838cfc-a851-4528-9b3f-9f12c4683151,2021-09-30T10:25:59.000Z,174.48,Into well order throw prepare you gun military.
64ea5e09fe4f979a95e9db35,cf7c98df-d3b6-452a-873e-c35dd8a8b3b3,a18692f4-eab4-4c50-8d08-7b5d2685f28f,2022-04-10T03:55:05.000Z,17.13,Take much human this.
64ea5e09fe4f979a95e9db36,f797c382-003e-4a5a-a7b9-60f1749142fa,ed417980-816e-490a-b9ad-6dbeff1aea05,2022-04-13T02:23:13.000Z,119.61,Poor walk head.
64ea5e09fe4f979a95e9db37,2ce08fae-72ce-4580-b5cb-7d9360559b61,5ad8e0d6-5bb3-4533-9438-a824b93e54bb,2022-09-05T19:33:47.000Z,485.2,Someone why rich case front adult station.
64ea5e09fe4f979a95e9db38,fafcbf4d-563f-4508-b368-0553c9fded42,9bb9a714-2841-48d9-a4bb-cf891081bec5,2021-03-20T00:38:58.000Z,113.26,Bag act position young.
64ea5e09fe4f979a95e9db39,5cd3d9f2-e11b-49b2-9604-2970e87e09a7,73c3cd70-153a-4217-8053-7f8ff1c0ff90,2022-02-14T15:22:04.000Z,302.09,Able development plant campaign.
64ea5e09fe4f979a95e9db3a,16257431-890e-4c9a-8d6b-585d4d77678d,c2b04f4a-2a22-4e57-864c-ece17f03c314,2022-03-09T21:02:00.000Z,126.85,Conference receive meet respond it long indeed.
64ea5e09fe4f979a95e9db3b,1afac806-d880-42b9-9eed-802b7142bb0a,db5ba7ff-ebe2-42f3-ab29-3bd607f0f46f,2023-07-31T19:26:41.000Z,46.83,Entire bag explain all blue.
64ea5e09fe4f979a95e9db3c,4b141941-553c-4770-95a0-0b6b855ff4d4,0f95ef92-6dbf-431d-90b6-d42d85f63a9d,2022-04-10T08:34:42.000Z,524.68,Bed mouth source but find allow.
